{
  "accuracy": [
    0.6499099731445312,
    0.6771100163459778,
    0.6844000220298767,
    0.6896299719810486,
    0.6948699951171875,
    0.6940799951553345,
    0.6958400011062622,
    0.6985200047492981,
    0.6979399919509888,
    0.7000300288200378,
    0.6990399956703186,
    0.701170027256012,
    0.7002900242805481,
    0.7016599774360657,
    0.7024800181388855,
    0.6996200084686279,
    0.7005800008773804,
    0.7023299932479858,
    0.702709972858429,
    0.7011100053787231
  ],
  "auc": [
    0.7045791745185852,
    0.7391345500946045,
    0.7489245533943176,
    0.7561801075935364,
    0.7622403502464294,
    0.7621987462043762,
    0.7645142674446106,
    0.7670903205871582,
    0.7662281394004822,
    0.7687005996704102,
    0.7681916952133179,
    0.7692224979400635,
    0.7697154879570007,
    0.770677924156189,
    0.7710363268852234,
    0.7692024111747742,
    0.7693962454795837,
    0.7711260914802551,
    0.7712266445159912,
    0.7711300253868103
  ],
  "loss": [
    0.644305944442749,
    0.6143622398376465,
    0.6048598885536194,
    0.597815990447998,
    0.5920990705490112,
    0.5914294719696045,
    0.5882275104522705,
    0.5856546759605408,
    0.5861178636550903,
    0.5837665796279907,
    0.5843250751495361,
    0.5834860801696777,
    0.5828384160995483,
    0.5820944309234619,
    0.5819615721702576,
    0.5832046270370483,
    0.5829992890357971,
    0.5814141631126404,
    0.5815181136131287,
    0.5815352201461792
  ],
  "precision": [
    0.6437654495239258,
    0.6698831915855408,
    0.6776767373085022,
    0.6824312806129456,
    0.6887872815132141,
    0.6868165731430054,
    0.688845157623291,
    0.6907525658607483,
    0.6903928518295288,
    0.6930009126663208,
    0.6917903423309326,
    0.6941832900047302,
    0.6933562159538269,
    0.6943523287773132,
    0.6951501369476318,
    0.6924901604652405,
    0.6934680938720703,
    0.6945817470550537,
    0.6945281624794006,
    0.6938260197639465
  ],
  "recall": [
    0.671280026435852,
    0.6983799934387207,
    0.7033200263977051,
    0.7093600034713745,
    0.7109799981117249,
    0.7135199904441833,
    0.7143599987030029,
    0.7188799977302551,
    0.7177600264549255,
    0.7182400226593018,
    0.7179399728775024,
    0.7191600203514099,
    0.7182199954986572,
    0.7204599976539612,
    0.7212600111961365,
    0.7181400060653687,
    0.7189599871635437,
    0.7222399711608887,
    0.7237399816513062,
    0.7199000120162964
  ],
  "val_accuracy": [
    0.6279500126838684,
    0.5314000248908997,
    0.5477499961853027,
    0.51419997215271,
    0.5745499730110168,
    0.683899998664856,
    0.6018000245094299,
    0.5960000157356262,
    0.5056999921798706,
    0.6661499738693237,
    0.6849499940872192,
    0.6989499926567078,
    0.6998999714851379,
    0.697700023651123,
    0.705049991607666,
    0.6434500217437744,
    0.6765499711036682,
    0.6903499960899353,
    0.7083500027656555,
    0.7086499929428101
  ],
  "val_auc": [
    0.7514439225196838,
    0.7600263953208923,
    0.7689283490180969,
    0.7705088257789612,
    0.7739642858505249,
    0.7746540904045105,
    0.7750982642173767,
    0.7762435078620911,
    0.7756625413894653,
    0.7775556445121765,
    0.777566134929657,
    0.7780597805976868,
    0.7778315544128418,
    0.7780058979988098,
    0.7784752249717712,
    0.7785046100616455,
    0.7786288857460022,
    0.7789512276649475,
    0.77895188331604,
    0.7789295315742493
  ],
  "val_loss": [
    0.6652286648750305,
    0.9459733366966248,
    0.8936853408813477,
    1.1730506420135498,
    0.7934077382087708,
    0.5979493856430054,
    0.7300302982330322,
    0.7455815076828003,
    1.5010740756988525,
    0.6142212152481079,
    0.5951780080795288,
    0.5826480984687805,
    0.5801807641983032,
    0.5840925574302673,
    0.5760005116462708,
    0.6476141214370728,
    0.6037449240684509,
    0.588929295539856,
    0.5744043588638306,
    0.57437664270401
  ],
  "val_precision": [
    0.8004226088523865,
    0.5163814425468445,
    0.5254870653152466,
    0.5072411894798279,
    0.5413959622383118,
    0.638083815574646,
    0.5590692758560181,
    0.5551154017448425,
    0.5028700828552246,
    0.614799976348877,
    0.6383217573165894,
    0.6624744534492493,
    0.6683509945869446,
    0.6591019034385681,
    0.6850130558013916,
    0.5917023420333862,
    0.6266044974327087,
    0.6467504501342773,
    0.6974319815635681,
    0.6991885304450989
  ],
  "val_recall": [
    0.3409000039100647,
    0.989799976348877,
    0.984499990940094,
    0.994700014591217,
    0.9750000238418579,
    0.8497999906539917,
    0.9635000228881836,
    0.9668999910354614,
    0.9987000226974487,
    0.8898000121116638,
    0.8535000085830688,
    0.8112000226974487,
    0.7936000227928162,
    0.8190000057220459,
    0.7591999769210815,
    0.925599992275238,
    0.8737999796867371,
    0.8389000296592712,
    0.7360000014305115,
    0.7324000000953674
  ],
  "learning_rate": [
    9.999999747378752e-05,
    9.999999747378752e-05,
    9.999999747378752e-05,
    9.999999747378752e-05,
    1.9999999494757503e-05,
    1.9999999494757503e-05,
    1.9999999494757503e-05,
    1.9999999494757503e-05,
    1.9999999494757503e-05,
    3.999999989900971e-06,
    3.999999989900971e-06,
    3.999999989900971e-06,
    3.999999989900971e-06,
    3.999999989900971e-06,
    3.999999989900971e-06,
    3.999999989900971e-06,
    3.999999989900971e-06,
    3.999999989900971e-06,
    8.000000093488779e-07,
    8.000000093488779e-07
  ]
}